{
   "name" : "pattern2",
   "steps" : [
      {
         "color" : {
            "a" : 255,
            "b" : 0,
            "g" : 255,
            "r" : 255
         },
         "time" : 500
      },
      {
         "color" : {
            "a" : 255,
            "b" : 255,
            "g" : 255,
            "r" : 0
         },
         "time" : 500
      },
      {
         "color" : {
            "a" : 255,
            "b" : 255,
            "g" : 0,
            "r" : 255
         },
         "time" : 500
      }
   ]
}
