{
   "info_vehicle_id": "Vehicle ID:",
   "info_move_camera": "- Press [ALT] to move the camera",
   "info_hide_samp_chat": "- Press [F7] to hide samp chat",
   
   "main_edit_light_groups": "Edit LightGroups",
   "main_edit_patterns": "Edit Patterns",
   "main_language": "Select Language",
   
   "add_light_group": "Add LightGroup",
   "edit_light_group": "[ Edit '%s' ]",
   
   "back": "Back",
   "delete": "Delete",
   "clone": "Clone",
   
   "edit_name": "Name",
   "edit_lightgroup_pattern": "Edit Pattern",
   "edit_points": "Edit Points (%d)",
   "edit_position_points": "Edit position (all points)",
   "lights_amount": "Amount of lights",
   "offset_by": "Offset",
   "lerp_color": "Lerp Color",
   "size": "Size",
   "light_id_offset": "Light ID Offset",
   
   "select_pattern": "Select pattern",
   
   "points_flip_horizontal": "Flip horizontally",
   "points_flip_vertical": "Flip vertically",
   "edit_point": "[ Edit point [%d] ]",
   "add_point": "Add point",
   
   "edit_position": "Edit position",
   
   "edit_pattern": "[ Edit '%s' ]",
   "add_pattern": "Add pattern",
   
   "edit_pattern_step": "[ Edit - Time: %d ]",
   "add_step": "Add step",
   
   "color": "Color",
   "time": "Time",
   
   "error_need_at_least_one": "Need at least 1",
   "error_need_vehicle": "You must be in a vehicle"
}
