{
   "info_vehicle_id": "Veiculo ID:",
   "info_move_camera": "- Aperte [ALT] para mover a camera",
   "info_hide_samp_chat": "- Aperte [F7] para esconder o chat",
   
   "main_edit_light_groups": "Editar LightGroups",
   "main_edit_patterns": "Editar Patterns",
   "main_language": "Select Language",
   
   "add_light_group": "Adicionar LightGroup",
   "edit_light_group": "[ Editar '%s' ]",
   
   "back": "Voltar",
   "delete": "Deletar",
   "clone": "Duplicar",
   
   "edit_name": "Nome",
   "edit_lightgroup_pattern": "Editar Pattern",
   "edit_points": "Editar Pontos (%d)",
   "edit_position_points": "Editar posicao (todos os pontos)",
   "lights_amount": "Quantidade de luzes",
   "offset_by": "Offset",
   "lerp_color": "Lerp Color",
   "size": "Tamanho",
   "light_id_offset": "Light ID Offset",
   
   "select_pattern": "Selecionar pattern",
   
   "points_flip_horizontal": "Inverter horizontalmente",
   "points_flip_vertical": "Inventer verticalmente",
   "edit_point": "[ Editar ponto [%d] ]",
   "add_point": "Adicionar ponto",
   
   "edit_position": "Editar posicao",
   
   "edit_pattern": "[ Editar '%s' ]",
   "add_pattern": "Adicionar pattern",
   
   "edit_pattern_step": "[ Editar - Tempo: %d ]",
   "add_step": "Adicionar step",
   
   "color": "Cor",
   "time": "Tempo",
   
   "error_need_at_least_one": "Precisa de ao menos 1",
   "error_need_vehicle": "Voce precisa estar em um veiculo"
}
